حماس, "foobar"
إسماعيل, "foobar"
الأخبار, "foobar"
يحيى, "foobar"
هل, "foobar"
تمديد, "foobar"
السنوار, "foobar"
الأكثر, "foobar"
تحرير, "foobar"
دونالد, "foobar"
ديما, "foobar"
صورةالعابرون, "foobar"
غواصات, "foobar"
محمد, "foobar"
مرتزقة, "foobar"
اتصل, "foobar"
أبرز, "foobar"
أحد, "foobar"
أحرونوت, "foobar"
أخبار, "foobar"
أخرى, "foobar"
أدت, "foobar"
أربعة, "foobar"
أسر, "foobar"
أسرته, "foobar"
أسيرا, "foobar"
أشهروفي, "foobar"
أصوله, "foobar"
أضاف, "foobar"
أضخم, "foobar"
أضواء, "foobar"
أطفال, "foobar"
أطفالا, "foobar"
أعادت, "foobar"
أعلن, "foobar"
أفرج, "foobar"
أفريقيا, "foobar"
أكتوبر, "foobar"
أكتوبرتشرين, "foobar"
أم, "foobar"
أمريكية, "foobar"
أمنية, "foobar"
أن, "foobar"
أنشأت, "foobar"
أنهى, "foobar"
أوكرانيا, "foobar"
أوكرانيين, "foobar"
أول, "foobar"
أوليه, "foobar"
إحدى, "foobar"
إداريا, "foobar"
إسرائيل, "foobar"
إسرائيليةآخر, "foobar"
إسماعئيل, "foobar"
إطار, "foobar"
إطلاق, "foobar"
إعلام, "foobar"
إفراج, "foobar"
إلى, "foobar"
إن, "foobar"
إنسانية, "foobar"
إنه, "foobar"
إيرانيات, "foobar"
اتهام, "foobar"
اختيار, "foobar"
استخدامها, "foobar"
استقالة, "foobar"
اشتية, "foobar"
اعتقل, "foobar"
اقتراب, "foobar"
الأجواء, "foobar"
الأراضي, "foobar"
الأسر, "foobar"
الأسرى, "foobar"
الأطفال, "foobar"
الأعداء, "foobar"
الأفق, "foobar"
الأفققبل, "foobar"
الأمامية, "foobar"
الأمريكيةنساء, "foobar"
الأمن, "foobar"
الأول, "foobar"
الأولى, "foobar"
الأيتام, "foobar"
الإسرائيلي, "foobar"
الإسرائيلية, "foobar"
الإسلامية, "foobar"
الإعلامفمن, "foobar"
الارتباط, "foobar"
الاستخدامعن, "foobar"
الاعتماد, "foobar"
البكالوريوس, "foobar"
البنك, "foobar"
التاريخيةآخر, "foobar"
التبادل, "foobar"
التكهنات, "foobar"
التمهيدية, "foobar"
التوصل, "foobar"
التي, "foobar"
الثانوية, "foobar"
الثاني, "foobar"
الثلاثاء, "foobar"
الجامعي, "foobar"
الجديد, "foobar"
الجندي, "foobar"
الجنيه, "foobar"
الجنيهلغز, "foobar"
الجوعى, "foobar"
الحرب, "foobar"
الحربية, "foobar"
الحركة, "foobar"
الحكم, "foobar"
الحكومة, "foobar"
الحوثيون, "foobar"
الخارجية, "foobar"
الخاص, "foobar"
الخصوصيةملفات, "foobar"
الخطوط, "foobar"
الدين, "foobar"
الذي, "foobar"
الرئيسيةتمديد, "foobar"
الرائد, "foobar"
الرابع, "foobar"
الرغم, "foobar"
الروابط, "foobar"
الروسية, "foobar"
السابق, "foobar"
السجون, "foobar"
السنوارولد, "foobar"
السنوارصدر, "foobar"
السياسي, "foobar"
الشكل, "foobar"
الشهرة, "foobar"
الصحيفة, "foobar"
الصراع, "foobar"
الصفقة, "foobar"
الصواريخ, "foobar"
الصورةصحيفة, "foobar"
الصورةالتعليق, "foobar"
الضربة, "foobar"
العالم, "foobar"
العام, "foobar"
العربيالإسرائيلي, "foobar"
العربية, "foobar"
العربيةوزير, "foobar"
العسكري, "foobar"
الغواصات, "foobar"
الفلسطينيةالمزيد, "foobar"
الفلسطينية, "foobar"
القائد, "foobar"
القاهرة, "foobar"
القسام, "foobar"
القصةيحي, "foobar"
القضائية, "foobar"
القطاع, "foobar"
القوية, "foobar"
القيادي, "foobar"
الكبرى, "foobar"
الكبير, "foobar"
الكويت, "foobar"
اللغة, "foobar"
المؤبد, "foobar"
المالية, "foobar"
المجتمع, "foobar"
المحتوىرئيسيةأخباراقتصادصحة, "foobar"
المحكمة, "foobar"
المخيم, "foobar"
المدوية, "foobar"
المركزي, "foobar"
المستقبلما, "foobar"
المستمرة, "foobar"
المسعفون, "foobar"
المصريين, "foobar"
المعتقل, "foobar"
المعتقلين, "foobar"
المفرج, "foobar"
المقاومة, "foobar"
المواقع, "foobar"
الميمعين, "foobar"
النار, "foobar"
الوزراء, "foobar"
الى, "foobar"
بأنه, "foobar"
بأنها, "foobar"
باسم, "foobar"
بالجامعة, "foobar"
بالسجن, "foobar"
بالموسيقىما, "foobar"
بتهمة, "foobar"
بحماس, "foobar"
بخصوص, "foobar"
بسبب, "foobar"
بصحبة, "foobar"
بعد, "foobar"
بـ, "foobar"
بقرار, "foobar"
بنفس, "foobar"
به, "foobar"
بها, "foobar"
بوساطة, "foobar"
بي, "foobar"
بين, "foobar"
تأسيس, "foobar"
تاريخ, "foobar"
تتصالح, "foobar"
تحديات, "foobar"
تحديث, "foobar"
تحذيرات, "foobar"
تحسن, "foobar"
تدمير, "foobar"
ترامب, "foobar"
ترسانتهم, "foobar"
تشرين, "foobar"
تصف, "foobar"
تعد, "foobar"
تعرضت, "foobar"
تعليمه, "foobar"
تعنيه, "foobar"
تعويم, "foobar"
تكلفة, "foobar"
تلوح, "foobar"
تمت, "foobar"
تمهيدا, "foobar"
جدهما, "foobar"
جديدةكيف, "foobar"
جديدةقبل, "foobar"
جلعاد, "foobar"
جناحي, "foobar"
جنسيا, "foobar"
جهاز, "foobar"
جولياوداعا, "foobar"
جوليا, "foobar"
جوية, "foobar"
حتى, "foobar"
حررت, "foobar"
حركة, "foobar"
حكم, "foobar"
حلا, "foobar"
حلقة, "foobar"
حماس, "foobar"
حماس, "foobar"
حماس, "foobar"
حماس, "foobar"
حماس, "foobar"
حماساختارت, "foobar"
حماستقول, "foobar"
حماسكما, "foobar"
حول, "foobar"
حياة, "foobar"
خان, "foobar"
خبرة, "foobar"
خلفا, "foobar"
خمس, "foobar"
داخل, "foobar"
دارينا, "foobar"
دراسته, "foobar"
درجة, "foobar"
دفاع, "foobar"
دقيقةاخترنا, "foobar"
رئيس, "foobar"
رئيسا, "foobar"
رمضان, "foobar"
روسيا, "foobar"
روسياكيف, "foobar"
ساعةما, "foobar"
ساعةهل, "foobar"
ستتأثر, "foobar"
سراح, "foobar"
سلاح, "foobar"
سوداني, "foobar"
سي, "foobar"
سيسياسة, "foobar"
سيشروط, "foobar"
سياستنا, "foobar"
سيتولى, "foobar"
سيكون, "foobar"
شاليطتأسيس, "foobar"
شاليطوشملت, "foobar"
شاليطوقد, "foobar"
شاليطوكان, "foobar"
شباط, "foobar"
شقيقه, "foobar"
شهر, "foobar"
صحفلماذا, "foobar"
صحيفة, "foobar"
صفقات, "foobar"
صفقة, "foobar"
صنيعة, "foobar"
عام, "foobar"
عاما, "foobar"
عامين, "foobar"
عربيإذهب, "foobar"
عربيلماذا, "foobar"
عرف, "foobar"
عرفت, "foobar"
عز, "foobar"
عسقلان, "foobar"
عسكريةووصفته, "foobar"
علاقات, "foobar"
على, "foobar"
عليه, "foobar"
عملية, "foobar"
عن, "foobar"
عنه, "foobar"
عنهم, "foobar"
غزة, "foobar"
غزةوربما, "foobar"
غزةآخر, "foobar"
غزةقبل, "foobar"
فاغنرما, "foobar"
فاليريكيف, "foobar"
فبراير, "foobar"
فعليا, "foobar"
فلسطينيا, "foobar"
فلسطينية, "foobar"
في, "foobar"
فيلم, "foobar"
قائدا, "foobar"
قاعة, "foobar"
قالت, "foobar"
قبل, "foobar"
قد, "foobar"
قراءةكيف, "foobar"
قرية, "foobar"
قضائه, "foobar"
قطاع, "foobar"
قطر, "foobar"
قوية, "foobar"
قيادو, "foobar"
كان, "foobar"
كانون, "foobar"
كبيرة, "foobar"
كتائب, "foobar"
كثير, "foobar"
كرافشينكوكيف, "foobar"
كلها, "foobar"
لإسقاط, "foobar"
لإكمال, "foobar"
لإمبراطورية, "foobar"
لانتقاداتما, "foobar"
لبطلتي, "foobar"
لتبادل, "foobar"
لحماس, "foobar"
لخالد, "foobar"
لفاغنر, "foobar"
لقروض, "foobar"
لكمطة, "foobar"
للأزمة, "foobar"
للانتخابات, "foobar"
للتحقيق, "foobar"
للحركة, "foobar"
للمكتب, "foobar"
لليوم, "foobar"
لم, "foobar"
لما, "foobar"
لمدة, "foobar"
لها, "foobar"
لوقف, "foobar"
ليست, "foobar"
ليلتحق, "foobar"
ما, "foobar"
مجاعة, "foobar"
مجتمع, "foobar"
مجداعتقل, "foobar"
مجدويعد, "foobar"
مجددا, "foobar"
مجدل, "foobar"
محتوى, "foobar"
مخيم, "foobar"
مدارس, "foobar"
مرافقيهفي, "foobar"
مرة, "foobar"
مسؤولة, "foobar"
مساعدات, "foobar"
مسيرةكيف, "foobar"
مشعلوتقول, "foobar"
مشهد, "foobar"
مصر, "foobar"
مصريةوكانت, "foobar"
مصير, "foobar"
مع, "foobar"
مفاجآت, "foobar"
مفاوضات, "foobar"
مقابل, "foobar"
من, "foobar"
مهندسي, "foobar"
مهنىالسنوار, "foobar"
مواقعها, "foobar"
نجاح, "foobar"
نظرا, "foobar"
نعرفه, "foobar"
نقاط, "foobar"
نوعها, "foobar"
هذه, "foobar"
هنية, "foobar"
هنيةإسماعيل, "foobar"
هو, "foobar"
هي, "foobar"
وأخته, "foobar"
وإسرائيل, "foobar"
وابتعاده, "foobar"
واحتجاز, "foobar"
واسماعيل, "foobar"
واقعية, "foobar"
والسياسي, "foobar"
وتعود, "foobar"
وجرت, "foobar"
وداعا, "foobar"
وزير, "foobar"
وسائل, "foobar"
وسط, "foobar"
وصل, "foobar"
وعاشت, "foobar"
وعلومرياضةفيديوتحقيقاتبودكاستبرامجنامن, "foobar"
وقطاع, "foobar"
وكيف, "foobar"
وماذا, "foobar"
ومفاوضات, "foobar"
ومهارات, "foobar"
ونتنياهو, "foobar"
ويتم, "foobar"
ويحصل, "foobar"
ويملأن, "foobar"
يتحدين, "foobar"
يتمتع, "foobar"
يجوب, "foobar"
يحدث, "foobar"
يحظ, "foobar"
يحظى, "foobar"
يديعوت, "foobar"
يزيد, "foobar"
يعتبر, "foobar"
يغادر, "foobar"
يمكنك, "foobar"
يناير, "foobar"
يواجهان, "foobar"
يونس, "foobar"
يونستلقى, "foobar"
يقدر, "foobar"
ينقل, "foobar"